iddetcessnr,cdecategadsacem,numcatal,numpers,gestnr,datdbtvld,datfinvld,idctr,idpcttypdrt
6331,SE,462773,58052,0,,,2125,168481
6333,SE,462773,58052,0,,,2125,168483
6335,SE,462773,58052,0,,,2125,168485
650530,SE,462773,109933,0,,,257564,1644321
650531,SE,462773,109933,0,,,257564,1644325
650533,SE,462773,109933,0,,,257564,1644328
710658,SE,462773,109933,0,,,278479,1786418
710659,SE,462773,109933,0,,,278479,1786419
710660,SE,462773,109933,0,,,278479,1786420
915982,SE,462773,109933,0,,,361147,2293102
915983,SE,462773,109933,0,,,361147,2293103
915984,SE,462773,109933,0,,,361147,2293104
919245,SE,462773,109933,0,,,362268,2300337
919246,SE,462773,109933,0,,,362268,2300338
919247,SE,462773,109933,0,,,362268,2300339
923302,SE,462773,109933,0,,,363707,2308980
923303,SE,462773,109933,0,,,363707,2308981
923304,SE,462773,109933,0,,,363707,2308982
926685,SE,462773,109933,0,,,364908,2316697
926686,SE,462773,109933,0,,,364908,2316698
926687,SE,462773,109933,0,,,364908,2316699
927802,SE,462773,109933,0,,,365307,2319984
927803,SE,462773,109933,0,,,365307,2319985
927804,SE,462773,109933,0,,,365307,2319986
935965,SE,462773,109933,0,,,368208,2375061
935966,SE,462773,109933,0,,,368208,2375062
935967,SE,462773,109933,0,,,368208,2375063
939185,SE,462773,109933,0,,,369388,2382691
939186,SE,462773,109933,0,,,369388,2382692
939187,SE,462773,109933,0,,,369388,2382693
942285,SE,462773,109933,0,,,370488,2390324
942286,SE,462773,109933,0,,,370488,2390325
942287,SE,462773,109933,0,,,370488,2390326
942828,SE,462773,109933,0,,,370709,2391751
942829,SE,462773,109933,0,,,370709,2391752
942830,SE,462773,109933,0,,,370709,2391753
947382,SE,462773,109933,0,,,372347,2401791
947383,SE,462773,109933,0,,,372347,2401792
947384,SE,462773,109933,0,,,372347,2401793
947662,SE,462773,109933,0,,,372447,2402386
947663,SE,462773,109933,0,,,372447,2402387
947664,SE,462773,109933,0,,,372447,2402388
957728,SE,462773,109933,0,,,376089,2424532
957729,SE,462773,109933,0,,,376089,2424533
957730,SE,462773,109933,0,,,376089,2424534
958685,SE,462773,109933,0,,,376448,2426663
958686,SE,462773,109933,0,,,376448,2426664
958687,SE,462773,109933,0,,,376448,2426665
961662,SE,462773,109933,0,,,377507,2433619
961663,SE,462773,109933,0,,,377507,2433620
961664,SE,462773,109933,0,,,377507,2433621
964862,SE,462773,109933,0,,,378747,2442289
964863,SE,462773,109933,0,,,378747,2442290
964864,SE,462773,109933,0,,,378747,2442291
976788,SE,462773,109933,0,,,382849,2468834
976789,SE,462773,109933,0,,,382849,2468835
976790,SE,462773,109933,0,,,382849,2468836
984248,SE,462773,109933,0,,,385449,2485721
984249,SE,462773,109933,0,,,385449,2485722
984250,SE,462773,109933,0,,,385449,2485723
987725,SE,462773,109933,0,,,386668,2495744
987726,SE,462773,109933,0,,,386668,2495745
987727,SE,462773,109933,0,,,386668,2495746
992282,SE,462773,109933,0,,,388287,2506304
992283,SE,462773,109933,0,,,388287,2506305
992284,SE,462773,109933,0,,,388287,2506306
993282,SE,462773,109933,0,,,388667,2509137
993283,SE,462773,109933,0,,,388667,2509138
993284,SE,462773,109933,0,,,388667,2509139
1000422,SE,462773,109933,0,,,391227,2530908
1000423,SE,462773,109933,0,,,391227,2530909
1000424,SE,462773,109933,0,,,391227,2530910
1002162,SE,462773,109933,0,,,391807,2539970
1002163,SE,462773,109933,0,,,391807,2539971
1002164,SE,462773,109933,0,,,391807,2539972
1003245,SE,462773,109933,0,,,392208,2542589
1003246,SE,462773,109933,0,,,392208,2542590
1003247,SE,462773,109933,0,,,392208,2542591
1004671,SE,462773,109933,0,,,392690,2545655
1004672,SE,462773,109933,0,,,392690,2545656
1004673,SE,462773,109933,0,,,392690,2545657
1005485,SE,462773,109933,0,,,392968,2547332
1005486,SE,462773,109933,0,,,392968,2547333
1005487,SE,462773,109933,0,,,392968,2547334
1009345,SE,462773,109933,0,,,394328,2556048
1009346,SE,462773,109933,0,,,394328,2556049
1009347,SE,462773,109933,0,,,394328,2556050
1010291,SE,462773,109933,0,,,394670,2558104
1010292,SE,462773,109933,0,,,394670,2558105
1010293,SE,462773,109933,0,,,394670,2558106
1012365,SE,462773,109933,0,,,395428,2563160
1012366,SE,462773,109933,0,,,395428,2563161
1012367,SE,462773,109933,0,,,395428,2563162
1237786,SE,462773,109933,0,,,469400,3311777
1237787,SE,462773,109933,0,,,469400,3311778
1237788,SE,462773,109933,0,,,469400,3311779
58115,SE,398280,58646,0,,,19488,276788
58116,SE,398280,58646,0,,,19488,276790
58117,SE,398280,58646,0,,,19488,276793
379894,SE,398280,58646,0,,,164961,1062868
379895,SE,398280,58646,0,,,164961,1062869
379896,SE,398280,58646,0,,,164961,1062870
671579,SE,398280,58646,0,,,264950,1691644
671581,SE,398280,58646,0,,,264950,1691646
671582,SE,398280,58646,0,,,264950,1691647
22580,SE,76523,90116,0,,,7580,202615
22582,SE,76523,90116,0,,,7580,202617
22583,SE,76523,90116,0,,,7580,202618
92512,SE,466990,109933,0,,,31048,349970
92514,SE,466990,109933,0,,,31048,349972
92515,SE,466990,109933,0,,,31048,349973
741786,E,466990,109933,0,,,289349,1870108
741787,E,466990,109933,0,,,289349,1870109
741788,E,466990,109933,0,,,289349,1870110
931651,E,466990,109933,0,,,366670,2330957
931652,E,466990,109933,0,,,366670,2330958
931653,E,466990,109933,0,,,366670,2330959
975188,E,466990,109933,0,,,382249,2464279
975189,E,466990,109933,0,,,382249,2464280
975190,E,466990,109933,0,,,382249,2464281
976622,E,466990,109933,0,,,382767,2468019
976623,E,466990,109933,0,,,382767,2468020
976624,E,466990,109933,0,,,382767,2468021
162089,SE,353592,228672,0,,,54391,495497
162091,SE,353592,228672,0,,,54391,495501
162093,SE,353592,228672,0,,,54391,495503
547838,SE,353592,228672,0,,,222408,1413137
547839,SE,353592,228672,0,,,222408,1413138
547840,SE,353592,228672,0,,,222408,1413139
903281,SE,353592,228672,0,,,356820,2265759
903282,SE,353592,228672,0,,,356820,2265760
903283,SE,353592,228672,0,,,356820,2265761
911989,SE,353592,228672,0,,,359756,2284269
911990,SE,353592,228672,0,,,359756,2284270
911991,SE,353592,228672,0,,,359756,2284271
915549,SE,353592,228672,0,,,360996,2292070
915550,SE,353592,228672,0,,,360996,2292071
915551,SE,353592,228672,0,,,360996,2292072
916026,SE,353592,228672,0,,,361175,2293271
916027,SE,353592,228672,0,,,361175,2293272
916028,SE,353592,228672,0,,,361175,2293273
925049,SE,353592,228672,0,,,364336,2312797
925050,SE,353592,228672,0,,,364336,2312798
925051,SE,353592,228672,0,,,364336,2312799
925747,SE,353592,228672,0,,,364582,2314361
925748,SE,353592,228672,0,,,364582,2314362
925749,SE,353592,228672,0,,,364582,2314363
927826,SE,353592,228672,0,,,365315,2320038
927827,SE,353592,228672,0,,,365315,2320039
927828,SE,353592,228672,0,,,365315,2320040
935980,SE,353592,228672,0,,,368213,2375091
935981,SE,353592,228672,0,,,368213,2375092
935982,SE,353592,228672,0,,,368213,2375093
937352,SE,353592,228672,0,,,368717,2378137
937353,SE,353592,228672,0,,,368717,2378138
937354,SE,353592,228672,0,,,368717,2378139
941618,SE,353592,228672,0,,,370253,2388680
941619,SE,353592,228672,0,,,370253,2388681
941620,SE,353592,228672,0,,,370253,2388682
942306,SE,353592,228672,0,,,370495,2390366
942307,SE,353592,228672,0,,,370495,2390367
942308,SE,353592,228672,0,,,370495,2390368
953680,SE,353592,228672,0,,,374593,2415474
953681,SE,353592,228672,0,,,374593,2415475
953682,SE,353592,228672,0,,,374593,2415476
955170,SE,353592,228672,0,,,375123,2418612
955171,SE,353592,228672,0,,,375123,2418613
955172,SE,353592,228672,0,,,375123,2418614
957090,SE,353592,228672,0,,,375819,2423052
957091,SE,353592,228672,0,,,375819,2423053
957092,SE,353592,228672,0,,,375819,2423054
958256,SE,353592,228672,0,,,376279,2425670
958257,SE,353592,228672,0,,,376279,2425671
958258,SE,353592,228672,0,,,376279,2425672
958809,SE,353592,228672,0,,,376492,2426925
958810,SE,353592,228672,0,,,376492,2426926
958811,SE,353592,228672,0,,,376492,2426927
963971,SE,353592,228672,0,,,378390,2440199
963972,SE,353592,228672,0,,,378390,2440200
963973,SE,353592,228672,0,,,378390,2440201
964634,SE,353592,228672,0,,,378671,2441814
964635,SE,353592,228672,0,,,378671,2441815
964636,SE,353592,228672,0,,,378671,2441816
973608,SE,353592,228672,0,,,381689,2460769
973609,SE,353592,228672,0,,,381689,2460770
973610,SE,353592,228672,0,,,381689,2460771
976794,SE,353592,228672,0,,,382851,2468846
976795,SE,353592,228672,0,,,382851,2468847
976796,SE,353592,228672,0,,,382851,2468848
983462,SE,353592,228672,0,,,385147,2483800
983463,SE,353592,228672,0,,,385147,2483801
983464,SE,353592,228672,0,,,385147,2483802
984848,SE,353592,228672,0,,,385649,2487225
984849,SE,353592,228672,0,,,385649,2487226
984850,SE,353592,228672,0,,,385649,2487227
985851,SE,353592,228672,0,,,386010,2489751
985852,SE,353592,228672,0,,,386010,2489752
985853,SE,353592,228672,0,,,386010,2489753
986297,SE,353592,228672,0,,,386172,2492550
986298,SE,353592,228672,0,,,386172,2492551
986299,SE,353592,228672,0,,,386172,2492552
995689,SE,353592,228672,0,,,389576,2515674
995690,SE,353592,228672,0,,,389576,2515675
995691,SE,353592,228672,0,,,389576,2515676
996001,SE,353592,228672,0,,,389700,2516512
996002,SE,353592,228672,0,,,389700,2516513
996003,SE,353592,228672,0,,,389700,2516514
996394,SE,353592,228672,0,,,389831,2517315
996395,SE,353592,228672,0,,,389831,2517316
996396,SE,353592,228672,0,,,389831,2517317
999657,SE,353592,228672,0,,,390972,2528408
999658,SE,353592,228672,0,,,390972,2528409
999659,SE,353592,228672,0,,,390972,2528410
1005117,SE,353592,228672,0,,,392839,2546549
1005118,SE,353592,228672,0,,,392839,2546550
1005119,SE,353592,228672,0,,,392839,2546551
1005584,SE,353592,228672,0,,,393001,2547530
1005585,SE,353592,228672,0,,,393001,2547531
1005586,SE,353592,228672,0,,,393001,2547532
1006391,SE,353592,228672,0,,,393290,2549363
1006392,SE,353592,228672,0,,,393290,2549364
1006393,SE,353592,228672,0,,,393290,2549365
1007469,SE,353592,228672,0,,,393696,2552133
1007470,SE,353592,228672,0,,,393696,2552134
1007471,SE,353592,228672,0,,,393696,2552135
1012712,SE,353592,228672,0,,,395557,2563985
1012713,SE,353592,228672,0,,,395557,2563986
1012714,SE,353592,228672,0,,,395557,2563987
1014154,SE,353592,228672,0,,,396051,2566872
1014155,SE,353592,228672,0,,,396051,2566873
1014156,SE,353592,228672,0,,,396051,2566874
1018277,SE,353592,228672,0,,,397492,2576514
1018278,SE,353592,228672,0,,,397492,2576515
1018279,SE,353592,228672,0,,,397492,2576516
123094,SE,192656,514547,0,,,41327,414055
123095,SE,192656,514547,0,,,41327,414056
123096,SE,192656,514547,0,,,41327,414057
253246,SE,497675,371698,0,,,92790,708115
253247,SE,497675,371698,0,,,92790,708116
253248,SE,497675,371698,0,,,92790,708117
267108,SE,684429,687353,0,,,97510,744131
267109,SE,684429,687353,0,,,97510,744132
267110,SE,684429,687353,0,,,97510,744133
305471,SE,684429,687353,0,,,139962,880292
305473,SE,684429,687353,0,,,139962,880294
305475,SE,684429,687353,0,,,139962,880296
629453,SE,684429,687353,0,,,250005,1591264
629454,SE,684429,687353,0,,,250005,1591265
629455,SE,684429,687353,0,,,250005,1591266
635957,SE,684429,687353,0,,,252393,1606517
635958,SE,684429,687353,0,,,252393,1606518
635959,SE,684429,687353,0,,,252393,1606519
899808,SE,684429,687353,0,,,355645,2258294
899809,SE,684429,687353,0,,,355645,2258295
899810,SE,684429,687353,0,,,355645,2258296
909216,SE,684429,687353,0,,,358819,2278399
909217,SE,684429,687353,0,,,358819,2278400
909218,SE,684429,687353,0,,,358819,2278401
919055,SE,684429,687353,0,,,362198,2299814
919056,SE,684429,687353,0,,,362198,2299815
919057,SE,684429,687353,0,,,362198,2299816
920396,SE,684429,687353,0,,,362685,2302852
920397,SE,684429,687353,0,,,362685,2302853
920398,SE,684429,687353,0,,,362685,2302854
922931,SE,684429,687353,0,,,363570,2308083
922932,SE,684429,687353,0,,,363570,2308084
922933,SE,684429,687353,0,,,363570,2308085
923037,SE,684429,687353,0,,,363612,2308316
923038,SE,684429,687353,0,,,363612,2308317
923039,SE,684429,687353,0,,,363612,2308318
924780,SE,684429,687353,0,,,364233,2312192
924781,SE,684429,687353,0,,,364233,2312193
924782,SE,684429,687353,0,,,364233,2312194
925397,SE,684429,687353,0,,,364452,2313525
925398,SE,684429,687353,0,,,364452,2313526
925399,SE,684429,687353,0,,,364452,2313527
926526,SE,684429,687353,0,,,364855,2316286
926527,SE,684429,687353,0,,,364855,2316287
926528,SE,684429,687353,0,,,364855,2316288
928402,SE,684429,687353,0,,,365527,2321413
928403,SE,684429,687353,0,,,365527,2321414
928404,SE,684429,687353,0,,,365527,2321415
928781,SE,684429,687353,0,,,365680,2322431
928782,SE,684429,687353,0,,,365680,2322432
928783,SE,684429,687353,0,,,365680,2322433
931524,SE,684429,687353,0,,,366621,2330599
931525,SE,684429,687353,0,,,366621,2330600
931526,SE,684429,687353,0,,,366621,2330601
932158,SE,684429,687353,0,,,366859,2332766
932159,SE,684429,687353,0,,,366859,2332767
932160,SE,684429,687353,0,,,366859,2332768
932503,SE,684429,687353,0,,,366988,2333464
932504,SE,684429,687353,0,,,366988,2333465
932505,SE,684429,687353,0,,,366988,2333466
932684,SE,684429,687353,0,,,367061,2333998
932685,SE,684429,687353,0,,,367061,2333999
932686,SE,684429,687353,0,,,367061,2334000
933011,SE,684429,687353,0,,,367184,2334680
933012,SE,684429,687353,0,,,367184,2334681
933013,SE,684429,687353,0,,,367184,2334682
933401,SE,684429,687353,0,,,367340,2360416
933402,SE,684429,687353,0,,,367340,2360417
933403,SE,684429,687353,0,,,367340,2360418
933809,SE,684429,687353,0,,,367476,2369653
933810,SE,684429,687353,0,,,367476,2369654
933811,SE,684429,687353,0,,,367476,2369655
936290,SE,684429,687353,0,,,368323,2375806
936291,SE,684429,687353,0,,,368323,2375807
936292,SE,684429,687353,0,,,368323,2375808
936466,SE,684429,687353,0,,,368395,2376251
936467,SE,684429,687353,0,,,368395,2376252
936468,SE,684429,687353,0,,,368395,2376253
937394,SE,684429,687353,0,,,368731,2378223
937395,SE,684429,687353,0,,,368731,2378224
937396,SE,684429,687353,0,,,368731,2378225
937830,SE,684429,687353,0,,,368883,2379422
937831,SE,684429,687353,0,,,368883,2379423
937832,SE,684429,687353,0,,,368883,2379424
942928,SE,684429,687353,0,,,370743,2391979
942929,SE,684429,687353,0,,,370743,2391980
942930,SE,684429,687353,0,,,370743,2391981
943573,SE,684429,687353,0,,,370964,2393382
943574,SE,684429,687353,0,,,370964,2393383
943575,SE,684429,687353,0,,,370964,2393384
948124,SE,684429,687353,0,,,372601,2403383
948125,SE,684429,687353,0,,,372601,2403384
948126,SE,684429,687353,0,,,372601,2403385
948392,SE,684429,687353,0,,,372697,2404003
948393,SE,684429,687353,0,,,372697,2404004
948394,SE,684429,687353,0,,,372697,2404005
949089,SE,684429,687353,0,,,372956,2405623
949090,SE,684429,687353,0,,,372956,2405624
949091,SE,684429,687353,0,,,372956,2405625
950413,SE,684429,687353,0,,,373444,2408484
950414,SE,684429,687353,0,,,373444,2408485
950415,SE,684429,687353,0,,,373444,2408486
950695,SE,684429,687353,0,,,373538,2409093
950696,SE,684429,687353,0,,,373538,2409094
950697,SE,684429,687353,0,,,373538,2409095
951090,SE,684429,687353,0,,,373683,2410055
951091,SE,684429,687353,0,,,373683,2410056
951092,SE,684429,687353,0,,,373683,2410057
953469,SE,684429,687353,0,,,374516,2415011
953470,SE,684429,687353,0,,,374516,2415012
953471,SE,684429,687353,0,,,374516,2415013
954979,SE,684429,687353,0,,,375054,2418196
954980,SE,684429,687353,0,,,375054,2418197
954981,SE,684429,687353,0,,,375054,2418198
955944,SE,684429,687353,0,,,375381,2420232
955945,SE,684429,687353,0,,,375381,2420233
955946,SE,684429,687353,0,,,375381,2420234
956147,SE,684429,687353,0,,,375456,2420689
956148,SE,684429,687353,0,,,375456,2420690
956149,SE,684429,687353,0,,,375456,2420691
956321,SE,684429,687353,0,,,375540,2421132
956322,SE,684429,687353,0,,,375540,2421133
956323,SE,684429,687353,0,,,375540,2421134
956817,SE,684429,687353,0,,,375712,2422417
956818,SE,684429,687353,0,,,375712,2422418
956819,SE,684429,687353,0,,,375712,2422419
958980,SE,684429,687353,0,,,376563,2427277
958981,SE,684429,687353,0,,,376563,2427278
958982,SE,684429,687353,0,,,376563,2427279
959297,SE,684429,687353,0,,,376672,2427999
959298,SE,684429,687353,0,,,376672,2428000
959299,SE,684429,687353,0,,,376672,2428001
963549,SE,684429,687353,0,,,378183,2438969
963550,SE,684429,687353,0,,,378183,2438970
963551,SE,684429,687353,0,,,378183,2438971
963913,SE,684429,687353,0,,,378351,2440030
963914,SE,684429,687353,0,,,378351,2440031
963915,SE,684429,687353,0,,,378351,2440032
970142,SE,684429,687353,0,,,380527,2453544
970143,SE,684429,687353,0,,,380527,2453545
970144,SE,684429,687353,0,,,380527,2453546
975289,SE,684429,687353,0,,,382296,2464802
975290,SE,684429,687353,0,,,382296,2464803
975291,SE,684429,687353,0,,,382296,2464804
975891,SE,684429,687353,0,,,382510,2466539
975892,SE,684429,687353,0,,,382510,2466540
975893,SE,684429,687353,0,,,382510,2466541
977636,SE,684429,687353,0,,,383179,2471264
977637,SE,684429,687353,0,,,383179,2471265
977638,SE,684429,687353,0,,,383179,2471266
984069,SE,684429,687353,0,,,385376,2485284
984070,SE,684429,687353,0,,,385376,2485285
984071,SE,684429,687353,0,,,385376,2485286
989623,SE,684429,687353,0,,,387371,2500618
989624,SE,684429,687353,0,,,387371,2500619
989625,SE,684429,687353,0,,,387371,2500620
994614,SE,684429,687353,0,,,389171,2512902
994615,SE,684429,687353,0,,,389171,2512903
994616,SE,684429,687353,0,,,389171,2512904
995847,SE,684429,687353,0,,,389642,2516052
995848,SE,684429,687353,0,,,389642,2516053
995849,SE,684429,687353,0,,,389642,2516054
996418,SE,684429,687353,0,,,389839,2517365
996419,SE,684429,687353,0,,,389839,2517366
996420,SE,684429,687353,0,,,389839,2517367
996748,SE,684429,687353,0,,,389949,2518104
996749,SE,684429,687353,0,,,389949,2518105
996750,SE,684429,687353,0,,,389949,2518106
1001190,SE,684429,687353,0,,,391483,2536782
1001191,SE,684429,687353,0,,,391483,2536783
1001192,SE,684429,687353,0,,,391483,2536784
1009597,SE,684429,687353,0,,,394412,2556560
1009598,SE,684429,687353,0,,,394412,2556561
1009599,SE,684429,687353,0,,,394412,2556562
1010801,SE,684429,687353,0,,,394860,2559210
1010802,SE,684429,687353,0,,,394860,2559211
1010803,SE,684429,687353,0,,,394860,2559212
1011123,SE,684429,687353,0,,,394994,2559937
1011124,SE,684429,687353,0,,,394994,2559938
1011125,SE,684429,687353,0,,,394994,2559939
1011924,SE,684429,687353,0,,,395275,2561837
1011925,SE,684429,687353,0,,,395275,2561838
1011926,SE,684429,687353,0,,,395275,2561839
1014683,SE,684429,687353,0,,,396254,2568106
1014684,SE,684429,687353,0,,,396254,2568107
1014685,SE,684429,687353,0,,,396254,2568108
279290,SE,803643,799224,0,,,101824,778431
279291,SE,803643,799224,0,,,101824,778432
279292,SE,803643,799224,0,,,101824,778433
295523,SE,803643,799224,0,,,107574,824770
295524,SE,803643,799224,0,,,107574,824771
295525,SE,803643,799224,0,,,107574,824772
604756,SE,803643,799224,0,,,241534,1533929
604757,SE,803643,799224,0,,,241534,1533930
604758,SE,803643,799224,0,,,241534,1533931
793244,SE,803643,799224,0,,,307561,2007355
793245,SE,803643,799224,0,,,307561,2007356
793246,SE,803643,799224,0,,,307561,2007357
920834,SE,803643,799224,0,,,362831,2303789
920835,SE,803643,799224,0,,,362831,2303790
920836,SE,803643,799224,0,,,362831,2303791
1241857,SE,803643,799224,0,,,470632,3324831
1241858,SE,803643,799224,0,,,470632,3324832
1241859,SE,803643,799224,0,,,470632,3324833
1357815,SE,803643,799224,0,,,504805,3687003
1357816,SE,803643,799224,0,,,504805,3687004
1357817,SE,803643,799224,0,,,504805,3687005
629923,SE,374078,414342,0,,,250175,1592239
629924,SE,374078,414342,0,,,250175,1592240
629925,SE,374078,414342,0,,,250175,1592241
630218,SE,374078,414342,0,,,250280,1592941
630219,SE,374078,414342,0,,,250280,1592942
630220,SE,374078,414342,0,,,250280,1592943
635091,SE,374078,414342,0,,,252073,1604496
635092,SE,374078,414342,0,,,252073,1604497
635093,SE,374078,414342,0,,,252073,1604498
649620,SE,477465,180718,0,,,257214,1641660
649621,SE,477465,180718,0,,,257214,1641661
649622,SE,477465,180718,0,,,257214,1641662
953209,SE,477465,180718,0,,,374416,2414386
953210,SE,477465,180718,0,,,374416,2414387
953211,SE,477465,180718,0,,,374416,2414388
965543,SE,477465,180718,0,,,378989,2444256
965544,SE,477465,180718,0,,,378989,2444257
965545,SE,477465,180718,0,,,378989,2444258
974182,SE,477465,180718,0,,,381894,2462106
974183,SE,477465,180718,0,,,381894,2462107
974184,SE,477465,180718,0,,,381894,2462108
993492,SE,477465,180718,0,,,388737,2509631
993493,SE,477465,180718,0,,,388737,2509632
993494,SE,477465,180718,0,,,388737,2509633
821520,SE,986167,968405,0,,,320713,2077965
821521,SE,986167,968405,0,,,320713,2077966
821522,SE,986167,968405,0,,,320713,2077967
827480,SE,986167,968405,0,,,322873,2092449
827481,SE,986167,968405,0,,,322873,2092451
827483,SE,986167,968405,0,,,322873,2092455
860301,SE,986167,968405,0,,,341340,2159969
860302,SE,986167,968405,0,,,341340,2159970
860303,SE,986167,968405,0,,,341340,2159971
224837,E,82990,151712,0,,,78480,625310
1044241,SE,663975,735178,0,,,406835,2690738
1044242,SE,663975,735178,0,,,406835,2690739
1044243,SE,663975,735178,0,,,406835,2690740
1171138,SE,223697,233757,0,,,450611,3096197
1171139,SE,223697,233757,0,,,450611,3096198
1171140,SE,223697,233757,0,,,450611,3096199
1179238,SE,450659,494968,0,,,453102,3121822
1179239,SE,450659,494968,0,,,453102,3121823
1179240,SE,450659,494968,0,,,453102,3121824
1213291,SE,192656,514547,0,,,462432,3231827
1213292,SE,192656,514547,0,,,462432,3231828
1213293,SE,192656,514547,0,,,462432,3231829
1214777,SE,192656,514547,0,,,462885,3236283
1214778,SE,192656,514547,0,,,462885,3236284
1214779,SE,192656,514547,0,,,462885,3236285
1388438,SE,1582619,1345716,0,,,514192,3782203
1388439,SE,1582619,1345716,0,,,514192,3782204
1388440,SE,1582619,1345716,0,,,514192,3782205
1417021,SE,1275709,1243838,0,,,522681,3869744
1417022,SE,1275709,1243838,0,,,522681,3869745
1417023,SE,1275709,1243838,0,,,522681,3869746
829580,SE,389820,520429,0,,,323577,2096809
570050,SE,79365,120855,0,,,229896,1460640
895857,SE,3893,31914,0,,,354252,2249435
472545,SE,65161,2476,0,,,196916,1254305
920872,SE,690383,799204,0,,,362843,2303863
472544,SE,65161,2476,0,,,196916,1254304
898214,SE,1061599,1039885,0,,,355084,2254672
334945,SE,65161,2476,0,,,149803,940601
787949,SE,79365,120855,0,,,305649,1992755
829582,SE,389820,520429,0,,,323577,2096811
334935,SE,65161,2476,0,,,149803,940593
822005,SE,79365,120855,0,,,320954,2079521
896650,SE,1061599,1039885,0,,,354536,2251142
295590,SE,690383,799204,0,,,107596,824903
178422,SE,79365,120855,0,,,59879,529718
920871,SE,690383,799204,0,,,362843,2303862
178421,SE,79365,120855,0,,,59879,529716
685037,SE,75694,84021,0,,,269470,1720499
1056,SE,468837,109933,0,,,353,157247
295591,SE,690383,799204,0,,,107596,824904
895858,SE,3893,31914,0,,,354252,2249436
570053,SE,79365,120855,0,,,229896,1460646
123801,SE,75694,84021,0,,,41566,415553
608102,SE,690383,799204,0,,,242652,1540974
608101,SE,690383,799204,0,,,242652,1540973
425491,SE,75694,84021,0,,,180984,1154750
472543,SE,65161,2476,0,,,196916,1254303
1006386,SE,65161,2476,0,,,393288,2549352
1006385,SE,65161,2476,0,,,393288,2549351
787950,SE,79365,120855,0,,,305649,1992756
570051,SE,79365,120855,0,,,229896,1460644
9710,SE,65161,2476,0,,,3254,175537
608100,SE,690383,799204,0,,,242652,1540972
839052,SE,79365,120855,0,,,326736,2116295
123798,SE,75694,84021,0,,,41566,415549
920870,SE,690383,799204,0,,,362843,2303861
895762,SE,3893,31914,0,,,354207,2249239
896397,SE,1061599,1039885,0,,,354452,2250603
822120,SE,389820,520429,0,,,320993,2079761
955145,SE,65161,2476,0,,,375114,2418558
895763,SE,3893,31914,0,,,354207,2249240
896651,SE,1061599,1039885,0,,,354536,2251143
839050,SE,79365,120855,0,,,326736,2116293
787948,SE,79365,120855,0,,,305649,1992754
9708,SE,65161,2476,0,,,3254,175535
898213,SE,1061599,1039885,0,,,355084,2254671
822004,SE,79365,120855,0,,,320954,2079520
123800,SE,75694,84021,0,,,41566,415551
425489,SE,75694,84021,0,,,180984,1154745
822121,SE,389820,520429,0,,,320993,2079762
295589,SE,690383,799204,0,,,107596,824902
896396,SE,1061599,1039885,0,,,354452,2250602
839054,SE,79365,120855,0,,,326736,2116297
685038,SE,75694,84021,0,,,269470,1720500
1057,SE,468837,109933,0,,,353,157250
896649,SE,1061599,1039885,0,,,354536,2251141
895764,SE,3893,31914,0,,,354207,2249241
425490,SE,75694,84021,0,,,180984,1154746
334941,SE,65161,2476,0,,,149803,940598
685039,SE,75694,84021,0,,,269470,1720501
1052,SE,468837,109933,0,,,353,157244
895859,SE,3893,31914,0,,,354252,2249437
822119,SE,389820,520429,0,,,320993,2079760
896395,SE,1061599,1039885,0,,,354452,2250601
178420,SE,79365,120855,0,,,59879,529714
1006387,SE,65161,2476,0,,,393288,2549353
9709,SE,65161,2476,0,,,3254,175536
898215,SE,1061599,1039885,0,,,355084,2254673
955144,SE,65161,2476,0,,,375114,2418557
955143,SE,65161,2476,0,,,375114,2418556
829581,SE,389820,520429,0,,,323577,2096810
822003,SE,79365,120855,0,,,320954,2079519
508,SE,207169,99440,0,,,170,156074
509,SE,207169,99440,0,,,170,156076
510,SE,207169,99440,0,,,170,156079
301732,SE,207169,99440,0,,,138713,872455
301735,SE,207169,99440,0,,,138713,872457
301737,SE,207169,99440,0,,,138713,872460
414822,SE,207059,99440,0,,,177288,1133129
414823,SE,207059,99440,0,,,177288,1133130
414824,SE,207059,99440,0,,,177288,1133131
918962,SE,207169,99440,0,,,362167,2299620
918963,SE,207169,99440,0,,,362167,2299621
918964,SE,207169,99440,0,,,362167,2299622
919242,SE,207169,99440,0,,,362267,2300331
919243,SE,207169,99440,0,,,362267,2300332
919244,SE,207169,99440,0,,,362267,2300333
932582,SE,207169,99440,0,,,367027,2333785
932583,SE,207169,99440,0,,,367027,2333786
932584,SE,207169,99440,0,,,367027,2333787
987343,SE,311023,427757,0,,,386534,2494836
987344,SE,311023,427757,0,,,386534,2494837
987345,SE,311023,427757,0,,,386534,2494838
995462,SE,207169,99440,0,,,389467,2514874
995463,SE,207169,99440,0,,,389467,2514875
995464,SE,207169,99440,0,,,389467,2514876
1011722,SE,207169,99440,0,,,395207,2561428
1011723,SE,207169,99440,0,,,395207,2561429
1011724,SE,207169,99440,0,,,395207,2561430
1142471,SE,311023,427757,0,,,440973,3005739
1142472,SE,311023,427757,0,,,440973,3005740
1142473,SE,311023,427757,0,,,440973,3005741
1146173,SE,311023,427757,0,,,442137,3016932
1146174,SE,311023,427757,0,,,442137,3016933
1146175,SE,311023,427757,0,,,442137,3016934
1150649,SE,311023,427757,0,,,443834,3031209
1150650,SE,311023,427757,0,,,443834,3031210
1150651,SE,311023,427757,0,,,443834,3031211
1257893,SE,207169,99440,0,,,475487,3375689
1257894,SE,207169,99440,0,,,475487,3375690
1257895,SE,207169,99440,0,,,475487,3375691
813316,SE,202567,63677,0,,,315245,2059440
813317,SE,202567,63677,0,,,315245,2059441
813318,SE,202567,63677,0,,,315245,2059442
833615,SE,202567,63677,0,,,324923,2105139
833616,SE,202567,63677,0,,,324923,2105141
833618,SE,202567,63677,0,,,324923,2105143
856517,SE,202567,63677,0,,,339972,2151607
856518,SE,202567,63677,0,,,339972,2151608
856519,SE,202567,63677,0,,,339972,2151609
1178452,SE,223697,233757,0,,,452871,3119505
1178453,SE,223697,233757,0,,,452871,3119506
1178454,SE,223697,233757,0,,,452871,3119507
76555,SE,429187,348052,0,,,25689,316168
257778,SE,427633,336968,0,,,94320,719595
1068739,SE,557707,561472,0,,,414604,2774036
704801,SE,429187,348052,0,,,276367,1771007
76554,SE,429187,348052,0,,,25689,316167
257780,SE,427633,336968,0,,,94320,719597
228907,E,466985,109933,0,,,82105,633341
1068741,SE,557707,561472,0,,,414604,2774038
76556,SE,429187,348052,0,,,25689,316169
257779,SE,427633,336968,0,,,94320,719596
704799,SE,429187,348052,0,,,276367,1771005
704797,SE,429187,348052,0,,,276367,1771003
1068740,SE,557707,561472,0,,,414604,2774037
228908,E,466985,109933,0,,,82105,633342
1219634,SE,468995,111430,0,,,464393,3251984
757621,SE,468995,111430,0,,,294786,1911733
1219633,SE,468995,111430,0,,,464393,3251983
757619,SE,468995,111430,0,,,294786,1911731
757620,SE,468995,111430,0,,,294786,1911732
1219635,SE,468995,111430,0,,,464393,3251985
1006024,SE,3893,31914,0,,,393154,2548560
1006430,SE,3893,31914,0,,,393303,2549441
339037,SE,3893,31914,0,,,151170,948891
940581,SE,3893,31914,0,,,369880,2386319
1006428,SE,3893,31914,0,,,393303,2549439
919603,SE,3893,31914,0,,,362394,2301123
21606,SE,3893,31914,0,,,7255,200603
339036,SE,3893,31914,0,,,151170,948890
1006429,SE,3893,31914,0,,,393303,2549440
957139,SE,3893,31914,0,,,375836,2423161
955238,SE,3893,31914,0,,,375146,2418752
1006023,SE,3893,31914,0,,,393154,2548559
919604,SE,3893,31914,0,,,362394,2301124
1006025,SE,3893,31914,0,,,393154,2548561
941677,SE,3893,31914,0,,,370272,2388810
1011233,SE,3893,31914,0,,,395037,2560259
949871,SE,3893,31914,0,,,373256,2407346
941676,SE,3893,31914,0,,,370272,2388809
1011951,SE,3893,31914,0,,,395284,2561893
944477,SE,3893,31914,0,,,371279,2395306
955237,SE,3893,31914,0,,,375146,2418751
1016095,SE,3893,31914,0,,,396731,2571229
929458,SE,3893,31914,0,,,365919,2324896
949869,SE,3893,31914,0,,,373256,2407344
974190,SE,3893,31914,0,,,381896,2462120
957140,SE,3893,31914,0,,,375836,2423162
974189,SE,3893,31914,0,,,381896,2462119
1016096,SE,3893,31914,0,,,396731,2571230
926907,SE,3893,31914,0,,,364983,2317156
975016,SE,3893,31914,0,,,382178,2463847
925434,SE,3893,31914,0,,,364464,2313603
1011952,SE,3893,31914,0,,,395284,2561894
926906,SE,3893,31914,0,,,364983,2317155
956641,SE,3893,31914,0,,,375646,2421782
940582,SE,3893,31914,0,,,369880,2386320
929460,SE,3893,31914,0,,,365919,2324898
957138,SE,3893,31914,0,,,375836,2423160
926908,SE,3893,31914,0,,,364983,2317157
949870,SE,3893,31914,0,,,373256,2407345
974188,SE,3893,31914,0,,,381896,2462118
955239,SE,3893,31914,0,,,375146,2418753
941675,SE,3893,31914,0,,,370272,2388808
1016094,SE,3893,31914,0,,,396731,2571228
925435,SE,3893,31914,0,,,364464,2313604
929459,SE,3893,31914,0,,,365919,2324897
1011234,SE,3893,31914,0,,,395037,2560260
940580,SE,3893,31914,0,,,369880,2386318
1011232,SE,3893,31914,0,,,395037,2560258
1011953,SE,3893,31914,0,,,395284,2561895
21607,SE,3893,31914,0,,,7255,200605
925433,SE,3893,31914,0,,,364464,2313602
919605,SE,3893,31914,0,,,362394,2301125
339035,SE,3893,31914,0,,,151170,948889
975015,SE,3893,31914,0,,,382178,2463846
944476,SE,3893,31914,0,,,371279,2395305
944478,SE,3893,31914,0,,,371279,2395307
956639,SE,3893,31914,0,,,375646,2421780
975017,SE,3893,31914,0,,,382178,2463848
956640,SE,3893,31914,0,,,375646,2421781
21609,SE,3893,31914,0,,,7255,200607
758,SE,154552,202630,0,,,253,156619
759,SE,154552,202630,0,,,253,156623
760,SE,154552,202630,0,,,253,156627
3263,SE,207073,99440,0,,,1096,161982
3266,SE,207073,99440,0,,,1096,161984
3268,SE,207073,99440,0,,,1096,161991
64281,SE,462773,58052,0,,,21559,289940
64282,SE,462773,58052,0,,,21559,289941
64283,SE,462773,58052,0,,,21559,289942
76956,SE,376187,428515,0,,,25823,316991
76957,SE,376187,428515,0,,,25823,316994
76959,SE,376187,428515,0,,,25823,316996
336672,SE,154552,202630,0,,,150382,944082
336674,SE,154552,202630,0,,,150382,944084
336676,SE,154552,202630,0,,,150382,944087
426410,SE,207073,99440,0,,,181295,1156733
426411,SE,207073,99440,0,,,181295,1156734
426412,SE,207073,99440,0,,,181295,1156737
652726,SE,462773,109933,0,,,258363,1648909
652727,SE,462773,109933,0,,,258363,1648910
652728,SE,462773,109933,0,,,258363,1648911
658431,SE,207073,99440,0,,,260411,1661549
658432,SE,207073,99440,0,,,260411,1661550
658433,SE,207073,99440,0,,,260411,1661551
662411,SE,207073,99440,0,,,261831,1671344
662412,SE,207073,99440,0,,,261831,1671345
662413,SE,207073,99440,0,,,261831,1671346
714159,SE,462773,109933,0,,,279725,1793647
714160,SE,462773,109933,0,,,279725,1793648
714161,SE,462773,109933,0,,,279725,1793649
908958,SE,154552,202630,0,,,358733,2277857
908959,SE,154552,202630,0,,,358733,2277858
908960,SE,154552,202630,0,,,358733,2277859
915579,SE,154552,202630,0,,,361006,2292135
915580,SE,154552,202630,0,,,361006,2292136
915581,SE,154552,202630,0,,,361006,2292137
919085,SE,154552,202630,0,,,362208,2299876
919086,SE,154552,202630,0,,,362208,2299877
919087,SE,154552,202630,0,,,362208,2299878
919251,SE,462773,109933,0,,,362270,2300352
919252,SE,462773,109933,0,,,362270,2300353
919253,SE,462773,109933,0,,,362270,2300354
924242,SE,154552,202630,0,,,364047,2311002
924243,SE,154552,202630,0,,,364047,2311003
924244,SE,154552,202630,0,,,364047,2311004
929362,SE,207073,99440,0,,,365887,2324697
929363,SE,207073,99440,0,,,365887,2324698
929364,SE,207073,99440,0,,,365887,2324699
939032,SE,154552,202630,0,,,369337,2382317
939033,SE,154552,202630,0,,,369337,2382318
939034,SE,154552,202630,0,,,369337,2382319
939798,SE,154552,202630,0,,,369599,2384333
939799,SE,154552,202630,0,,,369599,2384334
939800,SE,154552,202630,0,,,369599,2384335
948583,SE,154552,202630,0,,,372774,2404402
948584,SE,154552,202630,0,,,372774,2404403
948585,SE,154552,202630,0,,,372774,2404404
961481,SE,154552,202630,0,,,377440,2432978
961482,SE,154552,202630,0,,,377440,2432979
961483,SE,154552,202630,0,,,377440,2432980
964985,SE,154552,202630,0,,,378788,2442547
964986,SE,154552,202630,0,,,378788,2442548
964987,SE,154552,202630,0,,,378788,2442549
976884,SE,154552,202630,0,,,382881,2469058
976885,SE,154552,202630,0,,,382881,2469059
976886,SE,154552,202630,0,,,382881,2469060
977678,SE,154552,202630,0,,,383193,2471351
977679,SE,154552,202630,0,,,383193,2471352
977680,SE,154552,202630,0,,,383193,2471353
995722,SE,154552,202630,0,,,389587,2515744
995723,SE,154552,202630,0,,,389587,2515745
995724,SE,154552,202630,0,,,389587,2515746
999699,SE,154552,202630,0,,,390986,2528493
999700,SE,154552,202630,0,,,390986,2528494
999701,SE,154552,202630,0,,,390986,2528495
1010540,SE,154552,202630,0,,,394753,2558606
1010541,SE,154552,202630,0,,,394753,2558607
1010542,SE,154552,202630,0,,,394753,2558608
1012251,SE,154552,202630,0,,,395390,2562734
1012252,SE,154552,202630,0,,,395390,2562735
1012253,SE,154552,202630,0,,,395390,2562736
1013483,SE,154552,202630,0,,,395814,2565535
1013484,SE,154552,202630,0,,,395814,2565536
1013485,SE,154552,202630,0,,,395814,2565537
1016091,SE,154552,202630,0,,,396730,2571222
1016092,SE,154552,202630,0,,,396730,2571223
1016093,SE,154552,202630,0,,,396730,2571224
1017085,SE,154552,202630,0,,,397075,2573381
1017086,SE,154552,202630,0,,,397075,2573382
1017087,SE,154552,202630,0,,,397075,2573383
