idpcttypdrt,idclauspartcl,cdetypdrtsacem,pct
168481,,DE,100.0
168483,,PH,100.0
168485,,DR,100.0
1644321,,PH,100.0
1644325,,DR,100.0
1644328,,DE,100.0
1786418,,PH,100.0
1786419,,DR,100.0
1786420,,DE,100.0
2293102,,PH,100.0
2293103,,DR,100.0
2293104,,DE,100.0
2300337,,PH,100.0
2300338,,DR,100.0
2300339,,DE,100.0
2308980,,PH,100.0
2308981,,DR,100.0
2308982,,DE,100.0
2316697,,PH,100.0
2316698,,DR,100.0
2316699,,DE,100.0
2319984,,PH,100.0
2319985,,DR,100.0
2319986,,DE,100.0
2375061,,PH,100.0
2375062,,DR,100.0
2375063,,DE,100.0
2382691,,PH,100.0
2382692,,DR,100.0
2382693,,DE,100.0
2390324,,PH,100.0
2390325,,DR,100.0
2390326,,DE,100.0
2391751,,PH,100.0
2391752,,DR,100.0
2391753,,DE,100.0
2401791,,PH,100.0
2401792,,DR,100.0
2401793,,DE,100.0
2402386,,PH,100.0
2402387,,DR,100.0
2402388,,DE,100.0
2424532,,PH,100.0
2424533,,DR,100.0
2424534,,DE,100.0
2426663,,PH,100.0
2426664,,DR,100.0
2426665,,DE,100.0
2433619,,PH,100.0
2433620,,DR,100.0
2433621,,DE,100.0
2442289,,PH,100.0
2442290,,DR,100.0
2442291,,DE,100.0
2468834,,DR,100.0
2468835,,DE,100.0
2468836,,PH,100.0
2485721,,DR,100.0
2485722,,DE,100.0
2485723,,PH,100.0
2495744,,DR,100.0
2495745,,DE,100.0
2495746,,PH,100.0
2506304,,DR,100.0
2506305,,DE,100.0
2506306,,PH,100.0
2509137,,DR,100.0
2509138,,DE,100.0
2509139,,PH,100.0
2530908,,DR,100.0
2530909,,DE,100.0
2530910,,PH,100.0
2539970,,DR,100.0
2539971,,DE,100.0
2539972,,PH,100.0
2542589,,DR,100.0
2542590,,DE,100.0
2542591,,PH,100.0
2545655,,DR,100.0
2545656,,DE,100.0
2545657,,PH,100.0
2547332,,DR,100.0
2547333,,DE,100.0
2547334,,PH,100.0
2556048,,DR,100.0
2556049,,DE,100.0
2556050,,PH,100.0
2558104,,DR,100.0
2558105,,DE,100.0
2558106,,PH,100.0
2563160,,DR,100.0
2563161,,DE,100.0
2563162,,PH,100.0
3311777,,DR,100.0
3311778,,DE,100.0
3311779,,PH,100.0
276788,,DR,100.0
276790,,PH,100.0
276793,,DE,100.0
1062868,,DR,100.0
1062869,,PH,100.0
1062870,,DE,100.0
1691644,,DR,100.0
1691646,,PH,100.0
1691647,,DE,100.0
202615,,DR,100.0
202617,,DE,100.0
202618,,PH,100.0
349970,,DR,100.0
349972,,DE,100.0
349973,,PH,100.0
1870108,,DR,100.0
1870109,,DE,100.0
1870110,,PH,100.0
2330957,,DE,100.0
2330958,,DR,100.0
2330959,,PH,100.0
2464279,,DE,100.0
2464280,,PH,100.0
2464281,,DR,100.0
2468019,,DE,100.0
2468020,,PH,100.0
2468021,,DR,100.0
495497,,DR,100.0
495501,,PH,100.0
495503,,DE,100.0
1413137,,DR,100.0
1413138,,PH,100.0
1413139,,DE,100.0
2265759,,DR,100.0
2265760,,PH,100.0
2265761,,DE,100.0
2284269,,DR,100.0
2284270,,PH,100.0
2284271,,DE,100.0
2292070,,DR,100.0
2292071,,PH,100.0
2292072,,DE,100.0
2293271,,DR,100.0
2293272,,PH,100.0
2293273,,DE,100.0
2312797,,DR,100.0
2312798,,PH,100.0
2312799,,DE,100.0
2314361,,DR,100.0
2314362,,PH,100.0
2314363,,DE,100.0
2320038,,DR,100.0
2320039,,PH,100.0
2320040,,DE,100.0
2375091,,DR,100.0
2375092,,PH,100.0
2375093,,DE,100.0
2378137,,DR,100.0
2378138,,PH,100.0
2378139,,DE,100.0
2388680,,DR,100.0
2388681,,PH,100.0
2388682,,DE,100.0
2390366,,DR,100.0
2390367,,PH,100.0
2390368,,DE,100.0
2415474,,DR,100.0
2415475,,PH,100.0
2415476,,DE,100.0
2418612,,DR,100.0
2418613,,PH,100.0
2418614,,DE,100.0
2423052,,DR,100.0
2423053,,PH,100.0
2423054,,DE,100.0
2425670,,DR,100.0
2425671,,PH,100.0
2425672,,DE,100.0
2426925,,DR,100.0
2426926,,PH,100.0
2426927,,DE,100.0
2440199,,DR,100.0
2440200,,PH,100.0
2440201,,DE,100.0
2441814,,DR,100.0
2441815,,PH,100.0
2441816,,DE,100.0
2460769,,DR,100.0
2460770,,PH,100.0
2460771,,DE,100.0
2468846,,PH,100.0
2468847,,DR,100.0
2468848,,DE,100.0
2483800,,PH,100.0
2483801,,DR,100.0
2483802,,DE,100.0
2487225,,PH,100.0
2487226,,DR,100.0
2487227,,DE,100.0
2489751,,PH,100.0
2489752,,DR,100.0
2489753,,DE,100.0
2492550,,PH,100.0
2492551,,DR,100.0
2492552,,DE,100.0
2515674,,PH,100.0
2515675,,DR,100.0
2515676,,DE,100.0
2516512,,PH,100.0
2516513,,DR,100.0
2516514,,DE,100.0
2517315,,PH,100.0
2517316,,DR,100.0
2517317,,DE,100.0
2528408,,PH,100.0
2528409,,DR,100.0
2528410,,DE,100.0
2546549,,PH,100.0
2546550,,DR,100.0
2546551,,DE,100.0
2547530,,PH,100.0
2547531,,DR,100.0
2547532,,DE,100.0
2549363,,PH,100.0
2549364,,DR,100.0
2549365,,DE,100.0
2552133,,PH,100.0
2552134,,DR,100.0
2552135,,DE,100.0
2563985,,PH,100.0
2563986,,DR,100.0
2563987,,DE,100.0
2566872,,PH,100.0
2566873,,DR,100.0
2566874,,DE,100.0
2576514,,PH,100.0
2576515,,DR,100.0
2576516,,DE,100.0
414055,,DR,100.0
414056,,PH,100.0
414057,,DE,100.0
708115,,DE,100.0
708116,,PH,100.0
708117,,DR,100.0
744131,,PH,100.0
744132,,DE,100.0
744133,,DR,100.0
880292,,PH,100.0
880294,,DE,100.0
880296,,DR,100.0
1591264,,PH,100.0
1591265,,DE,100.0
1591266,,DR,100.0
1606517,,PH,100.0
1606518,,DE,100.0
1606519,,DR,100.0
2258294,,PH,100.0
2258295,,DE,100.0
2258296,,DR,100.0
2278399,,PH,100.0
2278400,,DE,100.0
2278401,,DR,100.0
2299814,,PH,100.0
2299815,,DE,100.0
2299816,,DR,100.0
2302852,,PH,100.0
2302853,,DE,100.0
2302854,,DR,100.0
2308083,,PH,100.0
2308084,,DE,100.0
2308085,,DR,100.0
2308316,,PH,100.0
2308317,,DE,100.0
2308318,,DR,100.0
2312192,,PH,100.0
2312193,,DE,100.0
2312194,,DR,100.0
2313525,,PH,100.0
2313526,,DE,100.0
2313527,,DR,100.0
2316286,,PH,100.0
2316287,,DE,100.0
2316288,,DR,100.0
2321413,,PH,100.0
2321414,,DE,100.0
2321415,,DR,100.0
2322431,,PH,100.0
2322432,,DE,100.0
2322433,,DR,100.0
2330599,,PH,100.0
2330600,,DE,100.0
2330601,,DR,100.0
2332766,,PH,100.0
2332767,,DE,100.0
2332768,,DR,100.0
2333464,,PH,100.0
2333465,,DE,100.0
2333466,,DR,100.0
2333998,,PH,100.0
2333999,,DE,100.0
2334000,,DR,100.0
2334680,,PH,100.0
2334681,,DE,100.0
2334682,,DR,100.0
2360416,,PH,100.0
2360417,,DE,100.0
2360418,,DR,100.0
2369653,,PH,100.0
2369654,,DE,100.0
2369655,,DR,100.0
2375806,,PH,100.0
2375807,,DE,100.0
2375808,,DR,100.0
2376251,,PH,100.0
2376252,,DE,100.0
2376253,,DR,100.0
2378223,,PH,100.0
2378224,,DE,100.0
2378225,,DR,100.0
2379422,,PH,100.0
2379423,,DE,100.0
2379424,,DR,100.0
2391979,,PH,100.0
2391980,,DE,100.0
2391981,,DR,100.0
2393382,,PH,100.0
2393383,,DE,100.0
2393384,,DR,100.0
2403383,,PH,100.0
2403384,,DE,100.0
2403385,,DR,100.0
2404003,,PH,100.0
2404004,,DE,100.0
2404005,,DR,100.0
2405623,,PH,100.0
2405624,,DE,100.0
2405625,,DR,100.0
2408484,,PH,100.0
2408485,,DE,100.0
2408486,,DR,100.0
2409093,,PH,100.0
2409094,,DE,100.0
2409095,,DR,100.0
2410055,,PH,100.0
2410056,,DE,100.0
2410057,,DR,100.0
2415011,,PH,100.0
2415012,,DE,100.0
2415013,,DR,100.0
2418196,,PH,100.0
2418197,,DE,100.0
2418198,,DR,100.0
2420232,,PH,100.0
2420233,,DE,100.0
2420234,,DR,100.0
2420689,,PH,100.0
2420690,,DE,100.0
2420691,,DR,100.0
2421132,,PH,100.0
2421133,,DE,100.0
2421134,,DR,100.0
2422417,,PH,100.0
2422418,,DE,100.0
2422419,,DR,100.0
2427277,,PH,100.0
2427278,,DE,100.0
2427279,,DR,100.0
2427999,,PH,100.0
2428000,,DE,100.0
2428001,,DR,100.0
2438969,,PH,100.0
2438970,,DE,100.0
2438971,,DR,100.0
2440030,,PH,100.0
2440031,,DE,100.0
2440032,,DR,100.0
2453544,,PH,100.0
2453545,,DE,100.0
2453546,,DR,100.0
2464802,,DE,100.0
2464803,,DR,100.0
2464804,,PH,100.0
2466539,,DE,100.0
2466540,,DR,100.0
2466541,,PH,100.0
2471264,,DE,100.0
2471265,,DR,100.0
2471266,,PH,100.0
2485284,,DE,100.0
2485285,,DR,100.0
2485286,,PH,100.0
2500618,,DE,100.0
2500619,,DR,100.0
2500620,,PH,100.0
2512902,,DE,100.0
2512903,,DR,100.0
2512904,,PH,100.0
2516052,,DE,100.0
2516053,,DR,100.0
2516054,,PH,100.0
2517365,,DE,100.0
2517366,,DR,100.0
2517367,,PH,100.0
2518104,,DE,100.0
2518105,,DR,100.0
2518106,,PH,100.0
2536782,,DE,100.0
2536783,,DR,100.0
2536784,,PH,100.0
2556560,,DE,100.0
2556561,,DR,100.0
2556562,,PH,100.0
2559210,,DE,100.0
2559211,,DR,100.0
2559212,,PH,100.0
2559937,,DE,100.0
2559938,,DR,100.0
2559939,,PH,100.0
2561837,,DE,100.0
2561838,,DR,100.0
2561839,,PH,100.0
2568106,,DE,100.0
2568107,,DR,100.0
2568108,,PH,100.0
778431,,DR,100.0
778432,,DE,100.0
778433,,PH,100.0
824770,,DR,100.0
824771,,DE,100.0
824772,,PH,100.0
1533929,,DR,100.0
1533930,,DE,100.0
1533931,,PH,100.0
2007355,,DR,100.0
2007356,,DE,100.0
2007357,,PH,100.0
2303789,,DR,100.0
2303790,,DE,100.0
2303791,,PH,100.0
3324831,,DR,100.0
3324832,,DE,100.0
3324833,,PH,100.0
3687003,,DR,100.0
3687004,,DE,100.0
3687005,,PH,100.0
1592239,,DR,100.0
1592240,,PH,100.0
1592241,,DE,100.0
1592941,,DR,100.0
1592942,,PH,100.0
1592943,,DE,100.0
1604496,,DR,100.0
1604497,,PH,100.0
1604498,,DE,100.0
1641660,,PH,100.0
1641661,,DR,100.0
1641662,,DE,100.0
2414386,,PH,100.0
2414387,,DR,100.0
2414388,,DE,100.0
2444256,,PH,100.0
2444257,,DR,100.0
2444258,,DE,100.0
2462106,,PH,100.0
2462107,,DR,100.0
2462108,,DE,100.0
2509631,,PH,100.0
2509632,,DE,100.0
2509633,,DR,100.0
2077965,,DR,100.0
2077966,,PH,100.0
2077967,,DE,100.0
2092449,,DR,100.0
2092451,,PH,100.0
2092455,,DE,100.0
2159969,,DR,100.0
2159970,,PH,100.0
2159971,,DE,100.0
625310,,PH,100.0
2690738,,PH,100.0
2690739,,DE,100.0
2690740,,DR,100.0
3096197,,DR,100.0
3096198,,PH,100.0
3096199,,DE,100.0
3121822,,PH,100.0
3121823,,DE,100.0
3121824,,DR,100.0
3231827,,DE,100.0
3231828,,DR,100.0
3231829,,PH,100.0
3236283,,DE,100.0
3236284,,DR,100.0
3236285,,PH,100.0
3782203,,DR,100.0
3782204,,DE,100.0
3782205,,PH,100.0
3869744,,DE,100.0
3869745,,DR,100.0
3869746,,PH,100.0
168474,,PH,100.0
168476,,DE,100.0
168478,,DR,100.0
1644318,,PH,100.0
1644319,,DE,100.0
1644320,,DR,100.0
1786415,,PH,100.0
1786416,,DE,100.0
1786417,,DR,100.0
2293099,,PH,100.0
2293100,,DE,100.0
2293101,,DR,100.0
2300334,,PH,100.0
2300335,,DE,100.0
2300336,,DR,100.0
2308977,,PH,100.0
2308978,,DE,100.0
2308979,,DR,100.0
2316694,,PH,100.0
2316695,,DE,100.0
2316696,,DR,100.0
2319981,,PH,100.0
2319982,,DE,100.0
2319983,,DR,100.0
2375058,,PH,100.0
2375059,,DE,100.0
2375060,,DR,100.0
2382688,,PH,100.0
2382689,,DE,100.0
2382690,,DR,100.0
2390321,,PH,100.0
2390322,,DE,100.0
2390323,,DR,100.0
2391748,,PH,100.0
2391749,,DE,100.0
2391750,,DR,100.0
2401788,,PH,100.0
2401789,,DE,100.0
2401790,,DR,100.0
2402383,,PH,100.0
2402384,,DE,100.0
2402385,,DR,100.0
2424529,,PH,100.0
2424530,,DE,100.0
2424531,,DR,100.0
2426660,,PH,100.0
2426661,,DE,100.0
2426662,,DR,100.0
2433616,,PH,100.0
2433617,,DE,100.0
2433618,,DR,100.0
2442286,,PH,100.0
2442287,,DE,100.0
2442288,,DR,100.0
2468831,,PH,100.0
2468832,,DE,100.0
2468833,,DR,100.0
2485718,,PH,100.0
2485719,,DE,100.0
2485720,,DR,100.0
2495741,,PH,100.0
2495742,,DE,100.0
2495743,,DR,100.0
2506301,,PH,100.0
2506302,,DE,100.0
2506303,,DR,100.0
2509134,,PH,100.0
2509135,,DE,100.0
2509136,,DR,100.0
2530905,,PH,100.0
2530906,,DE,100.0
2530907,,DR,100.0
2539967,,PH,100.0
2539968,,DE,100.0
2539969,,DR,100.0
2542586,,PH,100.0
2542587,,DE,100.0
2542588,,DR,100.0
2545652,,PH,100.0
2545653,,DE,100.0
2545654,,DR,100.0
2547329,,PH,100.0
2547330,,DE,100.0
2547331,,DR,100.0
2556045,,PH,100.0
2556046,,DE,100.0
2556047,,DR,100.0
2558101,,PH,100.0
2558102,,DE,100.0
2558103,,DR,100.0
2563157,,PH,100.0
2563158,,DE,100.0
2563159,,DR,100.0
3311772,,DE,100.0
3311774,,DR,100.0
3311776,,PH,100.0
276782,,PH,100.0
276784,,DR,100.0
276786,,DE,100.0
1062865,,PH,100.0
1062866,,DR,100.0
1062867,,DE,100.0
1691638,,PH,100.0
1691640,,DR,100.0
1691642,,DE,100.0
202606,,DR,50.0
202610,,PH,50.0
202613,,DE,100.0
349964,,DE,100.0
349966,,PH,100.0
349968,,DR,100.0
1870105,,DE,100.0
1870106,,PH,100.0
1870107,,DR,100.0
2330954,,DE,100.0
2330955,,PH,100.0
2330956,,DR,100.0
2464276,,PH,100.0
2464277,,DR,100.0
2464278,,DE,100.0
2468014,,DR,100.0
2468016,,DE,100.0
2468018,,PH,100.0
495491,,DE,100.0
495493,,DR,100.0
495495,,PH,100.0
1413134,,DE,100.0
1413135,,DR,100.0
1413136,,PH,100.0
2265756,,DE,100.0
2265757,,DR,100.0
2265758,,PH,100.0
2284266,,DE,100.0
2284267,,DR,100.0
2284268,,PH,100.0
2292067,,DE,100.0
2292068,,DR,100.0
2292069,,PH,100.0
2293268,,DE,100.0
2293269,,DR,100.0
2293270,,PH,100.0
2312794,,DE,100.0
2312795,,DR,100.0
2312796,,PH,100.0
2314358,,DE,100.0
2314359,,DR,100.0
2314360,,PH,100.0
2320035,,DE,100.0
2320036,,DR,100.0
2320037,,PH,100.0
2375088,,DE,100.0
2375089,,DR,100.0
2375090,,PH,100.0
2378134,,DE,100.0
2378135,,DR,100.0
2378136,,PH,100.0
2388677,,DE,100.0
2388678,,DR,100.0
2388679,,PH,100.0
2390363,,DE,100.0
2390364,,DR,100.0
2390365,,PH,100.0
2415471,,DE,100.0
2415472,,DR,100.0
2415473,,PH,100.0
2418609,,DE,100.0
2418610,,DR,100.0
2418611,,PH,100.0
2423049,,DE,100.0
2423050,,DR,100.0
2423051,,PH,100.0
2425667,,DE,100.0
2425668,,DR,100.0
2425669,,PH,100.0
2426922,,DE,100.0
2426923,,DR,100.0
2426924,,PH,100.0
2440196,,DE,100.0
2440197,,DR,100.0
2440198,,PH,100.0
2441811,,DE,100.0
2441812,,DR,100.0
2441813,,PH,100.0
2460766,,DE,100.0
2460767,,DR,100.0
2460768,,PH,100.0
2468843,,DR,100.0
2468844,,DE,100.0
2468845,,PH,100.0
2483797,,DR,100.0
2483798,,DE,100.0
2483799,,PH,100.0
2487222,,DR,100.0
2487223,,DE,100.0
2487224,,PH,100.0
2489748,,DR,100.0
2489749,,DE,100.0
2489750,,PH,100.0
2492547,,DR,100.0
2492548,,DE,100.0
2492549,,PH,100.0
2515671,,DR,100.0
2515672,,DE,100.0
2515673,,PH,100.0
2516509,,DR,100.0
2516510,,DE,100.0
2516511,,PH,100.0
2517312,,DR,100.0
2517313,,DE,100.0
2517314,,PH,100.0
2528405,,DR,100.0
2528406,,DE,100.0
2528407,,PH,100.0
2546546,,DR,100.0
2546547,,DE,100.0
2546548,,PH,100.0
2547527,,DR,100.0
2547528,,DE,100.0
2547529,,PH,100.0
2549360,,DR,100.0
2549361,,DE,100.0
2549362,,PH,100.0
2552130,,DR,100.0
2552131,,DE,100.0
2552132,,PH,100.0
2563982,,DR,100.0
2563983,,DE,100.0
2563984,,PH,100.0
2566869,,DR,100.0
2566870,,DE,100.0
2566871,,PH,100.0
2576511,,DR,100.0
2576512,,DE,100.0
2576513,,PH,100.0
414052,,PH,100.0
414053,,DE,100.0
414054,,DR,100.0
708112,,DE,100.0
708113,,DR,100.0
708114,,PH,100.0
744128,,DR,100.0
744129,,DE,100.0
744130,,PH,100.0
880286,,DR,100.0
880287,,DE,100.0
880288,,PH,100.0
1591261,,DR,100.0
1591262,,DE,100.0
1591263,,PH,100.0
1606514,,DR,100.0
1606515,,DE,100.0
1606516,,PH,100.0
2258291,,DR,100.0
2258292,,DE,100.0
2258293,,PH,100.0
2278396,,DR,100.0
2278397,,DE,100.0
2278398,,PH,100.0
2299811,,DR,100.0
2299812,,DE,100.0
2299813,,PH,100.0
2302849,,DR,100.0
2302850,,DE,100.0
2302851,,PH,100.0
2308080,,DR,100.0
2308081,,DE,100.0
2308082,,PH,100.0
2308313,,DR,100.0
2308314,,DE,100.0
2308315,,PH,100.0
2312189,,DR,100.0
2312190,,DE,100.0
2312191,,PH,100.0
2313522,,DR,100.0
2313523,,DE,100.0
2313524,,PH,100.0
2316283,,DR,100.0
2316284,,DE,100.0
2316285,,PH,100.0
2321410,,DR,100.0
2321411,,DE,100.0
2321412,,PH,100.0
2322428,,DR,100.0
2322429,,DE,100.0
2322430,,PH,100.0
2330596,,DR,100.0
2330597,,DE,100.0
2330598,,PH,100.0
2332763,,DR,100.0
2332764,,DE,100.0
2332765,,PH,100.0
2333461,,DR,100.0
2333462,,DE,100.0
2333463,,PH,100.0
2333995,,DR,100.0
2333996,,DE,100.0
2333997,,PH,100.0
2334677,,DR,100.0
2334678,,DE,100.0
2334679,,PH,100.0
2360413,,DR,100.0
2360414,,DE,100.0
2360415,,PH,100.0
2369650,,DR,100.0
2369651,,DE,100.0
2369652,,PH,100.0
2375803,,DR,100.0
2375804,,DE,100.0
2375805,,PH,100.0
2376248,,DR,100.0
2376249,,DE,100.0
2376250,,PH,100.0
2378220,,DR,100.0
2378221,,DE,100.0
2378222,,PH,100.0
2379419,,DR,100.0
2379420,,DE,100.0
2379421,,PH,100.0
2391976,,DR,100.0
2391977,,DE,100.0
2391978,,PH,100.0
2393379,,DR,100.0
2393380,,DE,100.0
2393381,,PH,100.0
2403380,,DR,100.0
2403381,,DE,100.0
2403382,,PH,100.0
2404000,,DR,100.0
2404001,,DE,100.0
2404002,,PH,100.0
2405620,,DR,100.0
2405621,,DE,100.0
2405622,,PH,100.0
2408481,,DR,100.0
2408482,,DE,100.0
2408483,,PH,100.0
2409090,,DR,100.0
2409091,,DE,100.0
2409092,,PH,100.0
2410052,,DR,100.0
2410053,,DE,100.0
2410054,,PH,100.0
2415008,,DR,100.0
2415009,,DE,100.0
2415010,,PH,100.0
2418193,,DR,100.0
2418194,,DE,100.0
2418195,,PH,100.0
2420229,,DR,100.0
2420230,,DE,100.0
2420231,,PH,100.0
2420686,,DR,100.0
2420687,,DE,100.0
2420688,,PH,100.0
2421129,,DR,100.0
2421130,,DE,100.0
2421131,,PH,100.0
2422414,,DR,100.0
2422415,,DE,100.0
2422416,,PH,100.0
2427274,,DR,100.0
2427275,,DE,100.0
2427276,,PH,100.0
2427996,,DR,100.0
2427997,,DE,100.0
2427998,,PH,100.0
2438966,,DR,100.0
2438967,,DE,100.0
2438968,,PH,100.0
2440027,,DR,100.0
2440028,,DE,100.0
2440029,,PH,100.0
2453541,,DR,100.0
2453542,,DE,100.0
2453543,,PH,100.0
2464799,,PH,100.0
2464800,,DR,100.0
2464801,,DE,100.0
2466536,,PH,100.0
2466537,,DR,100.0
2466538,,DE,100.0
2471261,,PH,100.0
2471262,,DR,100.0
2471263,,DE,100.0
2485281,,PH,100.0
2485282,,DR,100.0
2485283,,DE,100.0
2500615,,PH,100.0
2500616,,DR,100.0
2500617,,DE,100.0
2512899,,PH,100.0
2512900,,DR,100.0
2512901,,DE,100.0
2516049,,PH,100.0
2516050,,DR,100.0
2516051,,DE,100.0
2517362,,PH,100.0
2517363,,DR,100.0
2517364,,DE,100.0
2518101,,PH,100.0
2518102,,DR,100.0
2518103,,DE,100.0
2536779,,PH,100.0
2536780,,DR,100.0
2536781,,DE,100.0
2556557,,PH,100.0
2556558,,DR,100.0
2556559,,DE,100.0
2559207,,PH,100.0
2559208,,DR,100.0
2559209,,DE,100.0
2559934,,PH,100.0
2559935,,DR,100.0
2559936,,DE,100.0
2561834,,PH,100.0
2561835,,DR,100.0
2561836,,DE,100.0
2568103,,PH,100.0
2568104,,DR,100.0
2568105,,DE,100.0
778428,,DR,100.0
778429,,DE,100.0
778430,,PH,100.0
824767,,DR,100.0
824768,,DE,100.0
824769,,PH,100.0
1533926,,DR,100.0
1533927,,DE,100.0
1533928,,PH,100.0
2007352,,DR,100.0
2007353,,DE,100.0
2007354,,PH,100.0
2303786,,DR,100.0
2303787,,DE,100.0
2303788,,PH,100.0
3324826,,PH,100.0
3324828,,DR,100.0
3324830,,DE,100.0
3686998,,PH,100.0
3687000,,DR,100.0
3687002,,DE,100.0
1592236,,PH,100.0
1592237,,DR,100.0
1592238,,DE,100.0
1592938,,PH,100.0
1592939,,DR,100.0
1592940,,DE,100.0
1604493,,PH,100.0
1604494,,DR,100.0
1604495,,DE,100.0
1641655,,DE,25.0
1641657,,DR,50.0
1641659,,PH,50.0
2414381,,DE,25.0
2414383,,DR,50.0
2414385,,PH,50.0
2444251,,DE,25.0
2444253,,DR,50.0
2444255,,PH,50.0
2462101,,DE,25.0
2462103,,DR,50.0
2462105,,PH,50.0
2509626,,PH,50.0
2509628,,DR,50.0
2509630,,DE,25.0
2077962,,DR,25.0
2077963,,PH,25.0
2077964,,DE,25.0
2092431,,DR,25.0
2092439,,PH,25.0
2092447,,DE,25.0
2159965,,DR,25.0
2159967,,PH,25.0
2159968,,DE,25.0
625309,,PH,100.0
2690733,,PH,100.0
2690735,,DE,100.0
2690737,,DR,100.0
3096186,,DR,100.0
3096188,,PH,100.0
3096190,,DE,100.0
3096192,,DE,100.0
3096194,,PH,100.0
3096196,,DR,100.0
3121811,,DR,100.0
3121813,,PH,100.0
3121815,,DE,100.0
3121817,,DE,100.0
3121819,,PH,100.0
3121821,,DR,100.0
3231822,,DE,75.0
3231824,,DR,75.0
3231826,,PH,75.0
3236278,,DE,75.0
3236280,,DR,75.0
3236282,,PH,75.0
3782198,,DR,100.0
3782200,,PH,100.0
3782202,,DE,100.0
3869739,,DR,100.0
3869741,,DE,100.0
3869743,,PH,100.0
2249436,,DR,100.0
2249435,,DE,100.0
2251141,,DR,100.0
415549,,PH,100.0
2251143,,DE,100.0
2303863,,DE,100.0
175537,,DE,100.0
1460644,,DR,100.0
2096809,,PH,100.0
1154745,,PH,100.0
1992756,,PH,100.0
1254303,,DR,100.0
1720500,,DR,100.0
2549351,,DE,100.0
2254673,,DE,100.0
2254671,,DR,100.0
1540973,,DR,100.0
824904,,DE,100.0
2250601,,DR,100.0
2418556,,DR,100.0
1460640,,DE,100.0
2251142,,PH,100.0
2249241,,PH,100.0
175535,,DR,100.0
2079519,,DE,100.0
1720499,,PH,100.0
1992754,,DE,100.0
2303861,,PH,100.0
2250603,,DE,100.0
157247,,PH,100.0
529718,,PH,100.0
2079762,,DE,100.0
940593,,DR,100.0
1154750,,DE,100.0
2096811,,DE,100.0
175536,,PH,100.0
2116297,,PH,100.0
2116293,,DE,100.0
2079521,,PH,100.0
2418557,,PH,100.0
1992755,,DR,100.0
2249437,,PH,100.0
1540974,,DE,100.0
1460646,,PH,100.0
529714,,DE,100.0
415551,,DR,100.0
940598,,PH,100.0
2418558,,DE,100.0
529716,,DR,100.0
1154746,,DR,100.0
1720501,,DE,100.0
824902,,PH,100.0
2079761,,DR,100.0
2249240,,DR,100.0
415553,,DE,100.0
1254304,,PH,100.0
2303862,,DR,100.0
157244,,DR,100.0
2250602,,PH,100.0
1254305,,DE,100.0
2096810,,DR,100.0
1540972,,PH,100.0
2116295,,DR,100.0
2249239,,DE,100.0
157250,,DE,100.0
2549352,,PH,100.0
824903,,DR,100.0
940601,,DE,100.0
2254672,,PH,100.0
2079760,,PH,100.0
2549353,,DR,100.0
2079520,,DR,100.0
2249237,,DR,100.0
2250600,,DR,100.0
940581,,DE,100.0
2079757,,PH,100.0
1254302,,DE,100.0
1154744,,DR,100.0
157235,,PH,100.0
2249432,,DE,100.0
2549348,,DR,100.0
1540971,,PH,100.0
529713,,DR,100.0
2418553,,DR,100.0
1254301,,PH,100.0
2249433,,DR,100.0
2249238,,PH,100.0
940579,,PH,100.0
2250599,,DE,100.0
1720498,,DR,100.0
157238,,DR,100.0
2251140,,DR,100.0
415547,,DR,100.0
1254300,,DR,100.0
940577,,DR,100.0
2116289,,DE,100.0
2096808,,DR,100.0
2079518,,DR,100.0
1540969,,DE,100.0
824900,,DR,100.0
175530,,DR,100.0
415542,,DE,100.0
157240,,DE,100.0
2116287,,PH,100.0
824899,,DE,100.0
1720496,,DE,100.0
1992752,,DE,100.0
2303859,,DR,100.0
2249434,,PH,100.0
2079759,,DR,100.0
1154739,,PH,100.0
1154737,,DE,100.0
1720497,,PH,100.0
2096806,,PH,100.0
2549349,,PH,100.0
2251138,,PH,100.0
1540970,,DR,100.0
2079758,,DE,100.0
1460637,,PH,100.0
1992751,,PH,100.0
2250598,,PH,100.0
2303860,,PH,100.0
2096807,,DE,100.0
1460639,,DR,100.0
2254668,,DR,100.0
2116291,,DR,100.0
529712,,DE,100.0
529711,,PH,100.0
2254670,,DE,100.0
2251139,,DE,100.0
2249236,,DE,100.0
2418555,,DE,100.0
1992753,,DR,100.0
175532,,PH,100.0
2254669,,PH,100.0
175534,,DE,100.0
415545,,PH,100.0
2079516,,PH,100.0
2303858,,DE,100.0
2418554,,PH,100.0
2079517,,DE,100.0
1460638,,DE,100.0
824901,,PH,100.0
2549350,,DE,100.0
156071,,DE,100.0
156072,,DR,100.0
156073,,PH,100.0
872451,,DE,100.0
872452,,DR,100.0
872453,,PH,100.0
1133126,,DE,100.0
1133127,,DR,100.0
1133128,,PH,100.0
2299617,,DE,100.0
2299618,,DR,100.0
2299619,,PH,100.0
2300328,,DE,100.0
2300329,,DR,100.0
2300330,,PH,100.0
2333782,,DE,100.0
2333783,,DR,100.0
2333784,,PH,100.0
2494833,,PH,100.0
2494834,,DE,100.0
2494835,,DR,100.0
2514871,,DR,100.0
2514872,,PH,100.0
2514873,,DE,100.0
2561425,,DR,100.0
2561426,,PH,100.0
2561427,,DE,100.0
3005734,,DE,100.0
3005736,,PH,100.0
3005738,,DR,100.0
3016927,,DE,100.0
3016929,,PH,100.0
3016931,,DR,100.0
3031204,,DE,100.0
3031206,,PH,100.0
3031208,,DR,100.0
3375684,,DE,100.0
3375686,,PH,100.0
3375688,,DR,100.0
156074,,DE,100.0
156076,,PH,100.0
156079,,DR,100.0
872455,,DE,100.0
872457,,PH,100.0
872460,,DR,100.0
1133129,,DE,100.0
1133130,,DR,100.0
1133131,,PH,100.0
2299620,,DE,100.0
2299621,,PH,100.0
2299622,,DR,100.0
2300331,,DE,100.0
2300332,,PH,100.0
2300333,,DR,100.0
2333785,,DE,100.0
2333786,,PH,100.0
2333787,,DR,100.0
2494836,,DE,100.0
2494837,,PH,100.0
2494838,,DR,100.0
2514874,,PH,100.0
2514875,,DE,100.0
2514876,,DR,100.0
2561428,,PH,100.0
2561429,,DE,100.0
2561430,,DR,100.0
3005739,,DE,100.0
3005740,,PH,100.0
3005741,,DR,100.0
3016932,,DE,100.0
3016933,,PH,100.0
3016934,,DR,100.0
3031209,,DE,100.0
3031210,,PH,100.0
3031211,,DR,100.0
3375689,,PH,100.0
3375690,,DE,100.0
3375691,,DR,100.0
2059437,,DE,100.0
2105134,,DE,100.0
2105135,,PH,100.0
2105137,,DR,100.0
2151604,,DE,100.0
2151605,,PH,100.0
2151606,,DR,100.0
2059440,,DR,100.0
2059441,,PH,100.0
2059442,,DE,100.0
2105139,,DR,100.0
2105141,,PH,100.0
2105143,,DE,100.0
2151607,,DR,100.0
2151608,,PH,100.0
2151609,,DE,100.0
3119505,,DR,100.0
3119506,,PH,100.0
3119507,,DE,100.0
3119500,,PH,100.0
3119502,,DE,100.0
3119504,,DR,100.0
316162,,DE,100.0
2774035,,PH,100.0
316164,,DR,100.0
719592,,DR,100.0
316166,,PH,100.0
1770999,,DR,100.0
719593,,PH,100.0
719594,,DE,100.0
2774031,,DE,100.0
1771001,,PH,100.0
2774033,,DR,100.0
1770997,,DE,100.0
2774037,,DE,100.0
719597,,PH,100.0
316169,,PH,100.0
719596,,DE,100.0
1771003,,DE,100.0
2774038,,PH,100.0
633342,,DR,100.0
1771007,,PH,100.0
316168,,DR,100.0
1771005,,DR,100.0
316167,,DE,100.0
719595,,DR,100.0
633341,,PH,100.0
2774036,,DR,100.0
3251982,,DR,100.0
1911729,,DR,100.0
3251978,,PH,100.0
1911730,,PH,100.0
1911728,,DE,100.0
3251980,,DE,100.0
3251983,,PH,100.0
1911732,,DR,100.0
1911731,,DE,100.0
3251984,,DR,100.0
1911733,,PH,100.0
3251985,,DE,100.0
1641654,,DE,25.0
1641656,,DR,50.0
1641658,,PH,50.0
2414380,,DE,25.0
2414382,,DR,50.0
2414384,,PH,50.0
2444250,,DE,25.0
2444252,,DR,50.0
2444254,,PH,50.0
2462100,,DE,25.0
2462102,,DR,50.0
2462104,,PH,50.0
2509625,,PH,50.0
2509627,,DR,50.0
2509629,,DE,25.0
2317152,,PH,100.0
2571226,,DE,100.0
2549437,,DE,100.0
2395302,,PH,100.0
2423158,,DE,100.0
2418748,,PH,100.0
2301121,,DE,100.0
200601,,DR,100.0
2560257,,PH,100.0
2386316,,DE,100.0
2463844,,DE,100.0
2313599,,PH,100.0
2317153,,DE,100.0
2407342,,DE,100.0
948887,,DE,100.0
2560256,,DE,100.0
2421778,,DE,100.0
2388806,,DE,100.0
2462116,,DE,100.0
2395303,,DE,100.0
2423159,,DR,100.0
2388807,,DR,100.0
2324893,,PH,100.0
2313601,,DR,100.0
2561891,,DE,100.0
2462117,,DR,100.0
2549436,,DR,100.0
2418750,,DR,100.0
2324895,,DR,100.0
2386317,,DR,100.0
2548557,,DE,100.0
2548556,,DR,100.0
2421779,,DR,100.0
2386315,,PH,100.0
2324894,,DE,100.0
2571227,,PH,100.0
2561890,,DR,100.0
2301122,,DR,100.0
2388805,,PH,100.0
2423157,,PH,100.0
948888,,DR,100.0
2462115,,PH,100.0
2317154,,DR,100.0
2395304,,DR,100.0
948886,,PH,100.0
2560255,,DR,100.0
2421777,,PH,100.0
2407341,,PH,100.0
2301120,,PH,100.0
2407343,,DR,100.0
2571225,,DR,100.0
2463845,,DR,100.0
2463843,,PH,100.0
200598,,PH,100.0
2313600,,DE,100.0
2548558,,PH,100.0
2418749,,DE,100.0
2549438,,PH,100.0
2561892,,PH,100.0
200599,,DE,100.0
2549441,,DE,100.0
2388810,,PH,100.0
2462120,,PH,100.0
2395306,,DR,100.0
2301124,,DR,100.0
200607,,PH,100.0
948889,,DE,100.0
2317157,,PH,100.0
2324898,,PH,100.0
2317156,,DR,100.0
2561894,,DR,100.0
2313604,,PH,100.0
2324896,,DE,100.0
2313603,,DR,100.0
2560259,,DR,100.0
2317155,,DE,100.0
2560260,,DE,100.0
2548559,,PH,100.0
2418752,,DR,100.0
2386318,,DE,100.0
2301123,,DE,100.0
2386320,,PH,100.0
2571229,,DR,100.0
2313602,,DE,100.0
2463848,,PH,100.0
2462119,,DR,100.0
2418753,,PH,100.0
2421782,,PH,100.0
2548560,,DR,100.0
2407345,,DR,100.0
2560258,,PH,100.0
2407346,,PH,100.0
2561893,,PH,100.0
2407344,,DE,100.0
2395307,,PH,100.0
948891,,PH,100.0
2571228,,PH,100.0
2463846,,DE,100.0
2324897,,DR,100.0
2388809,,DR,100.0
948890,,DR,100.0
2423161,,DR,100.0
2386319,,DR,100.0
2462118,,DE,100.0
2418751,,DE,100.0
2423160,,DE,100.0
2571230,,DE,100.0
200603,,DE,100.0
2549440,,DR,100.0
200605,,DR,100.0
2561895,,DE,100.0
2548561,,DE,100.0
2463847,,DR,100.0
2395305,,DE,100.0
2388808,,DE,100.0
2423162,,PH,100.0
2421781,,DR,100.0
2301125,,PH,100.0
2549439,,PH,100.0
2421780,,DE,100.0
161970,,DE,100.0
161972,,PH,100.0
161975,,DR,100.0
161982,,DR,100.0
161984,,DE,100.0
161991,,PH,100.0
156608,,DR,100.0
156611,,DE,100.0
156618,,PH,100.0
156619,,DE,100.0
156623,,DR,100.0
156627,,PH,100.0
202604,,DR,50.0
202608,,PH,50.0
202612,,DE,25.0
289937,,PH,100.0
289938,,DR,100.0
289939,,DE,100.0
289940,,DE,100.0
289941,,PH,100.0
289942,,DR,100.0
316984,,DR,100.0
316986,,DE,100.0
316988,,PH,100.0
316991,,DE,100.0
316994,,DR,100.0
316996,,PH,100.0
1156730,,DE,100.0
1156731,,PH,100.0
1156732,,DR,100.0
1156733,,DR,100.0
1156734,,DE,100.0
1156737,,PH,100.0
633339,,DR,100.0
633340,,PH,100.0
944077,,DR,100.0
944079,,DE,100.0
944080,,PH,100.0
944082,,DE,100.0
944084,,DR,100.0
944087,,PH,100.0
1648906,,PH,100.0
1648907,,DR,100.0
1648908,,DE,100.0
1648909,,PH,100.0
1648910,,DR,100.0
1648911,,DE,100.0
1661546,,DE,100.0
1661547,,PH,100.0
1661548,,DR,100.0
1661549,,DR,100.0
1661550,,DE,100.0
1661551,,PH,100.0
1671341,,DE,100.0
1671342,,PH,100.0
1671343,,DR,100.0
1671344,,DR,100.0
1671345,,DE,100.0
1671346,,PH,100.0
1793644,,PH,100.0
1793645,,DR,100.0
1793646,,DE,100.0
1793647,,PH,100.0
1793648,,DR,100.0
1793649,,DE,100.0
2059438,,PH,100.0
2059439,,DR,100.0
2159964,,DR,25.0
2159966,,PH,25.0
2562731,,DE,100.0
2562732,,DR,100.0
2562733,,PH,100.0
2562734,,DR,100.0
2562735,,PH,100.0
2562736,,DE,100.0
2310999,,DR,100.0
2311000,,DE,100.0
2311001,,PH,100.0
2311002,,DE,100.0
2311003,,DR,100.0
2311004,,PH,100.0
2324694,,DE,100.0
2324695,,PH,100.0
2324696,,DR,100.0
2324697,,DR,100.0
2324698,,DE,100.0
2324699,,PH,100.0
2384330,,DR,100.0
2384331,,DE,100.0
2384332,,PH,100.0
2384333,,DE,100.0
2384334,,DR,100.0
2384335,,PH,100.0
2292132,,DR,100.0
2292133,,DE,100.0
2292134,,PH,100.0
2292135,,DE,100.0
2292136,,DR,100.0
2292137,,PH,100.0
2299873,,DR,100.0
2299874,,DE,100.0
2299875,,PH,100.0
2299876,,DE,100.0
2299877,,DR,100.0
2299878,,PH,100.0
2300349,,PH,100.0
2300350,,DR,100.0
2300351,,DE,100.0
2300352,,PH,100.0
2300353,,DR,100.0
2300354,,DE,100.0
2571219,,DE,100.0
2571220,,DR,100.0
2571221,,PH,100.0
2571222,,DR,100.0
2571223,,PH,100.0
2571224,,DE,100.0
2404399,,DR,100.0
2404400,,DE,100.0
2404401,,PH,100.0
2404402,,DE,100.0
2404403,,DR,100.0
2404404,,PH,100.0
2515741,,DE,100.0
2515742,,DR,100.0
2515743,,PH,100.0
2515744,,DR,100.0
2515745,,PH,100.0
2515746,,DE,100.0
2382314,,DR,100.0
2382315,,DE,100.0
2382316,,PH,100.0
2382317,,DE,100.0
2382318,,DR,100.0
2382319,,PH,100.0
2277854,,DR,100.0
2277855,,DE,100.0
2277856,,PH,100.0
2277857,,DE,100.0
2277858,,DR,100.0
2277859,,PH,100.0
2468013,,DR,0.0
2468015,,DE,0.0
2468017,,PH,0.0
2690732,,PH,100.0
2690734,,DE,0.0
2690736,,DR,100.0
2774030,,DE,0.0
2774032,,DR,0.0
2774034,,PH,0.0
2573378,,DE,100.0
2573379,,DR,100.0
2573380,,PH,100.0
2573381,,DR,100.0
2573382,,PH,100.0
2573383,,DE,100.0
2558603,,DE,100.0
2558604,,DR,100.0
2558605,,PH,100.0
2558606,,DR,100.0
2558607,,PH,100.0
2558608,,DE,100.0
2469055,,DE,100.0
2469056,,DR,100.0
2469057,,PH,100.0
2469058,,DR,100.0
2469059,,PH,100.0
2469060,,DE,100.0
2528490,,DE,100.0
2528491,,DR,100.0
2528492,,PH,100.0
2528493,,DR,100.0
2528494,,PH,100.0
2528495,,DE,100.0
2471348,,DE,100.0
2471349,,DR,100.0
2471350,,PH,100.0
2471351,,DR,100.0
2471352,,PH,100.0
2471353,,DE,100.0
2432975,,DR,100.0
2432976,,DE,100.0
2432977,,PH,100.0
2432978,,DE,100.0
2432979,,DR,100.0
2432980,,PH,100.0
2442544,,DR,100.0
2442545,,DE,100.0
2442546,,PH,100.0
2442547,,DE,100.0
2442548,,DR,100.0
2442549,,PH,100.0
2565532,,DE,100.0
2565533,,DR,100.0
2565534,,PH,100.0
2565535,,DR,100.0
2565536,,PH,100.0
2565537,,DE,100.0
3016926,,DE,0.0
3016928,,PH,0.0
3016930,,DR,0.0
3031205,,PH,0.0
3031207,,DR,0.0
3031203,,DE,0.0
3005733,,DE,0.0
3005735,,PH,0.0
3005737,,DR,0.0
3096185,,DR,0.0
3096187,,PH,0.0
3096189,,DE,0.0
3096191,,DE,0.0
3096193,,PH,0.0
3096195,,DR,0.0
3119499,,PH,0.0
3119501,,DE,0.0
3119503,,DR,0.0
3121810,,DR,0.0
3121812,,PH,0.0
3121814,,DE,0.0
3121816,,DE,0.0
3121818,,PH,0.0
3121820,,DR,0.0
3236277,,DE,0.0
3236279,,DR,75.0
3236281,,PH,75.0
3231821,,DE,0.0
3231823,,DR,75.0
3231825,,PH,75.0
3251979,,DE,0.0
3251977,,PH,0.0
3251981,,DR,0.0
3311771,,DE,0.0
3311773,,DR,0.0
3311775,,PH,0.0
3324825,,PH,0.0
3324827,,DR,0.0
3324829,,DE,0.0
3375683,,DE,0.0
3375685,,PH,0.0
3375687,,DR,0.0
3686997,,PH,0.0
3686999,,DR,0.0
3687001,,DE,0.0
3782197,,DR,0.0
3782199,,PH,0.0
3782201,,DE,25.0
